prompts,answer
A landfill,may cause an increase in loose detritus in the area
Redemption,
What committees are joint committees,A Joint Committee is a term in politics that is used to refer to a committee made up of members of both chambers of a bicameral legislature.
www.bigtsreviews.com,
Conservation is,reusing gift bags again and again
Ecosystems,are communities with a plethora of living beings
What Are Mnemonic Devices,"A mnemonic (, with a silent ""m""), or mnemonic device, is any learning technique that aids information retention."
A/an __________________ is reusable,dish towel
Gravitational force never affects,sunshine
Verb tense neither future nor past?,Present
WHO QUALIFIES AS A DOMESTIC PARTNER IN CA,"A California domestic partnership is a legal relationship available to same-sex couples, and to certain opposite-sex couples in which at least one party is at least 18 years of age."
what composer used sound mass,"Composers and works include Barbara Kolb , Pauline Oliveros ' Sound Patterns for chorus (1961), Norma Beecroft 's From Dreams of Brass for chorus (1963–1964), and Nancy Van de Vate ."
what chili wants wiki,"What Chilli Wants is an American reality series on VH1 starring Chilli , one-third of the Grammy Award -winning R&B trio TLC ."
what division is boise state football,The Boise State Broncos football program represents Boise State University in college football and compete in the Football Bowl Subdivision (FBS) of Division I as a member of the Mountain West Conference .
who pulmonary hypertension,It was first identified by Dr. Ernst von Romberg in 1891.
who founded walmart,"The company was founded by Sam Walton in 1962, incorporated on October 31, 1969, and publicly traded on the New York Stock Exchange in 1972."
who rules communism government,It has a form of government characterized by single-party rule or dominant-party rule of a communist party (referred as Dictatorship of the Proletariat by its proponents) and a professed allegiance to a Leninist or Marxist–Leninist ideology as the guiding principle of the state.
when slavery abolished,In January 1863 President Lincoln freed slaves in the Confederacy through the Emancipation Proclamation .
Where Are Mahindra Tractors Made,"Mahindra has a huge consumer base in India, China and America and a growing base in Australia."
WHO IS HENRY SAMPSON JR.,"Henry T. Thomas Sampson, Jr. (born in Jackson, Mississippi in 1934) is an African-American inventor."
WHERE WAS JOHN WAYNE BORN,"Wayne was born in Winterset, Iowa but his family relocated to the greater Los Angeles area when he was four years old."
what forms seasons,"A season is a subdivision of the year , marked by changes in weather , ecology , and hours of daylight ."
whatever happened clint walker,"Norman Eugene Walker, known as Clint Walker (born May 30, 1927), is a retired American actor ."
what hormones produce thyroid,"The thyroid hormones, triiodothyronine (T3) and thyroxine (T4), are tyrosine -based hormones produced by the thyroid gland that are primarily responsible for regulation of metabolism."
Scales,help users know if they need to drop some lbs.
Heavy rains cause flooding which,ruin crops
while passing Jupiter the,stronger the gravity
A heavier object,requires more muscle power to shift
Cardinals,incubate their young
National parks have rules,that protect vulnerable animal inhabitants int he parks
A,bacterial cell must perform all life functions
Rainbows need,sun and some drizzle
A phase change happens,when food is digested by the stomach
Jim found birds living among,cactus
Heating ice,will leave a puddle
Microscopes,enhance the size of amoebas for easier viewing
Communities contain,a diverse selection of living beings
A refrigerator,requires an electrical outlet to work
Death,deducts from population total
To prevent electric shock,masonry will come in handy
When doing experiments,guard against spilling hydrogen chloride
Fossil fuels,are a dwindling commodity
Moving heavy objects,requires more might
High carbon steel contains,Fe
Berries,keep your brain clean
Examples of hypothesis is,Drinking sugary drinks daily leads to obesity
Rain helps,communities thrive
Sea horses require,the sun
A highly polished surface will,redirect light energy
Overeating,causes the number on the scale to go up
Sometimes birds,cause the spread of plants by pooping hard objects found in fruit
a closed circuit,is uninterrupted
a typical rabbit diet includes,weeds
Acid rain could effect,a car's color
lizards eat,six legged creatures
An orange liquid surfaces when,A volcano suddenly explodes
all animals,intake gaseous elements
Someone stops living when,They are without air
chemical reactions cause,fluctuative attributes
birds lay,calcium life pods
Sound pulses helps dolphins,find nourishment
Ground has,elements
A pendant whipping indicates,bulk air movement
Jays find nutrition in,mulberries
Finches love,sweet sultan
Ice melting erodes,granite
People often tear,private documents
Foxes eat,mice
A cougar eats,voles
Tunnels,lead to less impacted soil
And Then There Were None?,Agatha Christie
What glands produce adrenaline and cortisol?,Suprarenal
ewwww,
Great,
A,
Awesome fast pizza,
Beer cave!!,
Consumer alert... rats!,
.,
Avg.,
closed,
Great flowers,
Solid.,
awesome!!!,
closed :(,
closed!!!!!,
Closed!,
Fast?,
Ok,
Wonder,
Dirty,
Lisa's jazz-playing mentor was Bleeding Gums ...who?,Murphy
Which gangster Meyer Lansky founded Murder Incorporated?,Lucky Luciano
A gazetteer offers indexed information mainly oriented by?,Geography
what tensions preceded the berlin blockade,"Their aim was to force the western powers to allow the Soviet zone to start supplying Berlin with food and fuel, thereby giving the Soviets practical control over the entire city."
A Pelton wheel converts what power into usable energy?,Water
An observer on Jupiter would encounter localized periods of,darkness and light
WHAT COUNTRY IS MEXICO IN,"Mexico (; ; ), officially the United Mexican States (), is a federal constitutional republic in North America."
when did germans enter paris in ww2,The Liberation of Paris (also known as the Battle for Paris) took place during World War II from 19 August 1944 until the surrender of the occupying German garrison on 25 August.
where is Desmanthus Illinoensis found,"Desmanthus illinoensis (commonly known as Illinois bundleflower, prairie-mimosa or prickleweed) is a plant in many areas of the south central US."
Beavers producing offspring after Winter impacts their life,positively
Sea nomads' larger spleens let them,hold their breath for longer underwater
What distinction has (Henry) Pu Yi?,Last Emperor of China
Nation Shall Speak Peace Unto Nation.,BBC
What profession historically performed blood-letting?,Barbers
Bloom's Taxonomy of Learning Domains divides learning development into three main aspects?,"Knowledge, Attitude, Skills"
what did isaac newton do,Sir Isaac Newton (25 December 164220 March 1727) was an English physicist and mathematician who is widely regarded as one of the most influential scientists of all time and as a key figure in the scientific revolution .
what did elijah mccoy invent,"Elijah J. McCoy (May 2, 1844 – October 10, 1929) was a black Canadian-American inventor and engineer, who was notable for his 57 U.S. patents , most to do with lubrication of steam engines."
what does automatic paper feeder on printers mean,"In multifunction or all-in-one printers , fax machines , photocopiers and scanners , an automatic document feeder or ADF is a feature which takes several pages and feeds the paper one page at a time into a scanner or copier, allowing the user to scan , and thereby copy , print , or fax , multiple-page documents without having to manually replace each page."
what does leeroy jenkins mean,"Leeroy Jenkins, sometimes misspelled Leroy Jenkins and often elongated with numerous additional letters, is an Internet meme named for a player character created by Ben Schulz in Blizzard Entertainment 's MMORPG , World of Warcraft ."
who killed general warren in bunker hill,"Rather than exercising his rank, Warren served in the battle as a private soldier, and was killed in combat when British troops stormed the redoubt atop Breed's Hill ."
"WHERE IS ROUGH AND READY, CA","Rough and Ready is a census-designated place in Nevada County, California , United States ."
what was bernie madoff selling,"Bernard Lawrence ""Bernie"" Madoff (; born April 29, 1938) is an American former stockbroker , investment advisor , financier , and white collar criminal ."
a toaster converts electricity into radiant waves for,browning bagels
As ipod sale plummet apple reports major,loses
audible vibrations can travel freely through,nitrogen and oxygen
Battery powered vehicles have less emissions than,dragsters
The pine farms experience destruction yearly due to,abrupt electric discharge
What does Italian company Aprilia manufacture?,Motorcycles
In motion-detection and automated lighting sensors what does PIR mean?,Passive Infrared
what are SATA Power Connector,Serial ATA (SATA) is a computer bus interface that connects host bus adapters to mass storage devices such as hard disk drives and optical drives .
Who sang improvised calypsos on That Was The Week That Was?,Lance Percival
what did st.patrick do,"He is generally credited with being the first bishop of Armagh , Primate of All Ireland ."
what genre is bloody beetroots,"The Bloody Beetroots is the pseudonym of Sir Bob Cornelius Rifo, the Italian electro house and dance-punk music producer , DJ and photographer ."
when us subprime mortgage market collapse,The U.S. subprime mortgage crisis was a set of events and conditions that led to a financial crisis and subsequent recession that began in 2008.
Who Makes Nexen Tires,"Nexen Tire is a tire manufacturer, headquartered in Yangsan , South Gyeongsang Province , and Seoul , both in South Korea ."
when did jack lalanne die,"Francois Henri ""Jack"" LaLanne (September 26, 1914 - January 23, 2011) was an American fitness , exercise , and nutritional expert and motivational speaker who is sometimes called ""the godfather of fitness"" and the ""first fitness superhero."""
where does ray lamontagne live,He lives in Massachusetts with his wife and two children.
what is Polyester in packaging PET,"Polyethylene terephthalate (sometimes written poly(ethylene terephthalate)), commonly abbreviated PET, PETE, or the obsolete PETP or PET-P, is a thermoplastic polymer resin of the polyester family and is used in synthetic fibers ; beverage, food and other liquid containers ; thermoforming applications; and engineering resins often in combination with glass fiber."
what is pci Interface,"Conventional PCI (PCI is an initialism formed from Peripheral Component Interconnect, part of the PCI Local Bus standard and often shortened to just PCI) is a local computer bus for attaching hardware devices in a computer ."
What functions without contact between objects?,opposites attracting
Some bacteria are beneficial and some bacteria,cause upset stomach
California experiences heavy earthquake activity due to,techtonics
Locusts historically always affect crops,disadvantageously
Molecular bounds are broken by,combining vulotile ingredients
An inexhaustible resource could be,sand clay
If Earth has poles that are magnetic,needles aim that way
A foot uses force on spheres in,kickball
Grow lamps provide artificial sun to,succulents
Solar pumps move liquids continuously from the,ground
Scavengers eat dead what?,fauna
Cola and mentos combined will,expand quickly
Which setup likely refracts light?,gems and glowlights arranged precisely
Which lawyer made Raymond Burr famous?,Perry Mason
How many James Bond Themes did Dame Shirley Bassey Perform?,Three
An ammeter measures electrical what?,Current
Hot steam bath - from Finnish?,Sauna
"Which caves are a Site of Special Scientific Interest (SSSI), near Wells in Somerset",Wookie Hole
when did abraham lincoln write the emancipation proclamation??,"The Emancipation Proclamation was an order issued to all segments of the Executive branch (including the Army and Navy) of the United States by President Abraham Lincoln on January 1, 1863, during the American Civil War ."
Who plays Winston Wolf in the Direct Line Insurance television advertisements?,Harvey Keitel
What can sufferers of prosopagnosia not recognize?,Faces
What visionary management thinker wrote The Age Of Unreason and The Empty Raincoat?,Charles Handy
how did anne frank die,"Anne Frank and her sister, Margot , were eventually transferred to the Bergen-Belsen concentration camp , where they died of typhus in March 1945."
how are aircraft radial engines built,The radial engine is a reciprocating type internal combustion engine configuration in which the cylinders point outward from a central crankshaft like the spokes of a wheel.
what does arraignment mean,Arraignment is a formal reading of a criminal charging document in the presence of the defendant to inform the defendant of the charges against him or her.
what do porcupines eat,"It eats leaves, herbs, twigs and green plants like skunk cabbage and clover and in the winter it may eat bark."
how does nanotechnology affect health,"Nanotechnology may be able to create many new materials and devices with a vast range of applications , such as in medicine , electronics , biomaterials and energy production."
how south african leaders are elected,"The President is elected by members of the National Assembly , the lower house of Parliament , and is usually the leader of the largest party, which has been the African National Congress since the first non-racial elections were held on 27 April 1994."
how many users do twitter have,"The service rapidly gained worldwide popularity, with over 500 million registered users as of 2012, generating over 340 million tweets daily and handling over 1.6 billion search queries per day."
what cars have smart key systems,"It was first developed by Siemens in the mid-1990s and introduced by Mercedes-Benz under the name ""Keyless Go"" in 1998 on the W220 S-Class following its design patent filed by Daimler-Benz on May 17, 1997."
how is schizophrenia diagnosed?,Diagnosis is based on observed behavior and the patient's reported experiences.
how does flexible spending account work,"An FSA allows an employee to set aside a portion of earnings to pay for qualified expenses as established in the cafeteria plan, most commonly for medical expenses but often for dependent care or other expenses."
where did hurricane katrina begin,Hurricane Katrina was the deadliest and most destructive Atlantic hurricane of the 2005 Atlantic hurricane season .
when president nixon resigns,"Richard Milhous Nixon (January 9, 1913 – April 22, 1994) was the 37th President of the United States , serving from 1969 to 1974, when he became the only president to resign the office."
who owns exxon mobil,"It is a direct descendant of John D. Rockefeller 's Standard Oil company, and was formed on November 30, 1999, by the merger of Exxon and Mobil ."
Who controlled Alaska before US?,"Alaska was purchased from Russia on March 30, 1867, for $7.2 million ($ adjusted for inflation) at approximately two cents per acre ($4.74/km2)."
when did expos become nationals,"After being purchased by MLB in 2002, the team was moved before the season to Washington and renamed the Nationals, the first relocation since the second Washington Senators moved to Arlington, Texas , and became the Texas Rangers in ."
who reports the consumer price index,"The CPI in the United States is defined by the Bureau of Labor Statistics as ""a measure of the average change over time in the prices paid by urban consumers for a market basket of consumer goods and services."""
who shot john lennon?,"He was shot by Mark David Chapman at the entrance of the building where he lived, The Dakota , in New York City on 8 December 1980."
what are anti inflammatories,Anti-inflammatory refers to the property of a substance or treatment that reduces inflammation .
when will ie9 be released,"It was released to the public on March 14, 2011."
where is mark sanchez from,"Mark Travis John Sanchez (born November 11, 1986) is an American football quarterback for the New York Jets of the National Football League (NFL)."
What Is Benzene Used For,"It is mainly used as a precursor to heavy chemicals, such as ethylbenzene and cumene , which are produced on a billion kilogram scale."
"What was ""Freedom Summer""?","Freedom Summer (also known as the Mississippi Summer Project) was a campaign in the United States launched in June 1964 to attempt to register as many African American voters as possible in Mississippi , which had historically excluded most blacks from voting."
what is corpus christi holiday,"The Feast of Corpus Christi ( Latin for Body of Christ ), also known as Corpus Domini, is a Latin Rite liturgical solemnity celebrating the tradition and belief in the body and blood of Jesus Christ and his Real Presence in the Eucharist ."
who is bj's wholesale club,"BJ's Wholesale Club, Inc., commonly referred to simply as BJ's, is a membership-only warehouse club chain operating on the United States East Coast , as well as in the state of Ohio ."
where is dear john filmed at,"The movie was filmed in 2009 in Charleston, South Carolina ."
How Works Diaphragm Pump,"A diaphragm pump (also known as a Membrane pump, Air Operated Double Diaphragm Pump (AODD) or Pneumatic Diaphragm Pump) is a positive displacement pump that uses a combination of the reciprocating action of a rubber , thermoplastic or teflon diaphragm and suitable valves either side of the diaphragm ( check valve , butterfly valves, flap valves, or any other form of shut-off valves) to pump a fluid ."
where is david ortiz from,"David Américo Ortiz Arias (born November 18, 1975), nicknamed ""Big Papi"", is a Dominican-American professional baseball designated hitter with the Boston Red Sox of Major League Baseball (MLB)."
where was paul revere born,"Paul Revere (December 21, 1734May 10, 1818) was an American silversmith , early industrialist, and a patriot in the American Revolution ."
where are kenworth trucks built,"Kenworth is an American manufacturer of medium and heavy-duty Class 8 trucks based in Kirkland, Washington , United States , a suburb of Seattle, Washington."
Spiders catch their prey with,a silky thread
Rocket engines can lift rockets because,of the power the hit the ground with
Places lacking warmth have few what,biological entities
Fibrous tissue contracts to,stretch out an arm
Cellular respiration releases,waste
High humidity can damage materials which,must remain dry to function
Large fluffy clouds in winter may,precipitate
Funerals are common occurrences after,a person has ceased taking in oxygen and pumping blood thru their system
A quartz crystal is a transparent,hexagon
A chocolate rabbit melts away from,a curling iron
To destroy embarrassing evidence you can,flick it into lava
A fixed wing aircraft can fly,in the troposphere
Which element makes iron rust?,Oxygen
Professor Otto Lidenbrock followed Arne Saknussemm where?,Centre of the Earth
Which show jumper achieved success on Mister Softee?,David Broome
What physical feature do all pinnipeds have?,Flippers
"Patek Philippe, Vacheron Constantin, and Audemars Piguet are all notable what?",Watchmakers
Dwarf heather vaccinium yielding acid fruit?,Cranberry
Who composed Maple Leaf Rag?,Scott Joplin
Not Tasty At All.,
what school did oprah winfrey help,"The Oprah Winfrey Leadership Academy for Girls - South Africa is a female boarding school founded in January 2007 and located in Henley on Klip near Meyerton , south of Johannesburg , South Africa ."
what is evoked otoacoustic emissions,An otoacoustic emission (OAE) is a sound which is generated from within the inner ear .
what naturally occurring isotopes does cobalt have,"Naturally occurring cobalt (Co) is composed of 1 stable isotope , 59Co. 28 radioisotopes have been characterized with the most stable being 60Co with a half-life of 5.2714 years, 57Co with a half-life of 271.79 days, 56Co with a half-life of 77.27 days, and 58Co with a half-life of 70.86 days."
How many odorant receptors do honey bees have?,170
Octopuses excrete an ink as defense when,They're in danger
What bird did sailors call Mother Carey’s Chicken?,Stormy Petrel
What do native Cornish residents call Penwith?,Land’s End
In alchemy what was Aqua Fortis?,Nitric Acid
Which Sparkhill Community leader drives a yellow Mercedes?,Citizen Khan
"""What is disrupted when """"Jet lag"""" occurs?""",Circadian rhythms
Which current BBC drama sees Anne Reid and Derek Jacobi rekindle an old romance?,Last Tango in Halifax
Maps may be redrawn because of,an earthquake
HOW MANY STRIPES ARE ON THE AMERICAN FLAG,"The national flag of the United States of America , often simply referred to as the American flag, consists of thirteen equal horizontal stripes of red (top and bottom) alternating with white, with a blue rectangle in the canton (referred to specifically as the ""union"") bearing fifty small, white, five-pointed stars arranged in nine offset horizontal rows of six stars (top and bottom) alternating with rows of five stars."
Name given to Christ when prophesied by Isaiah?,Emmanuel
what continent is australia,"Australia is a continent comprising mainland Australia , Tasmania , New Guinea , Seram , possibly Timor , and neighbouring islands."
what did chaucer do,"While he achieved fame during his lifetime as an author, philosopher, alchemist and astronomer , composing a scientific treatise on the astrolabe for his ten year-old son Lewis, Chaucer also maintained an active career in the civil service as a bureaucrat, courtier and diplomat."
what do UA's detect,"A drug test is a technical analysis of a biological specimen – for example urine, hair, blood, sweat, or oral fluid / saliva – to determine the presence or absence of specified parent drugs or their metabolites ."
what do biologists do,A biologist is a scientist who studies living organisms and their relationship to their environment.
What Causes Brain Freeze,"It is caused by having something cold touch the roof of the mouth ( palate ), and is believed to result from a nerve response causing rapid constriction and swelling of blood vessels or a "" referring "" of pain from the roof of the mouth to the head."
what fantasy american football means,Fantasy football is an interactive competition in which users compete against each other as general managers of virtual teams.
what does informal logic mean,"Informal logic, intuitively, refers to the principles of logic and logical thought outside of a formal setting."
how many baseball teams usa,It is composed of 30 teams — 29 in the United States and one in Canada.
what does fidelity do,"Fidelity Investments manages a large family of mutual funds , provides fund distribution and investment advice services, as well as providing discount brokerage services , retirement services, wealth management , securities execution and clearance, life insurance and a number of other services."
what are spoilers for,Some spoilers are added to cars primarily for styling purposes and have either little aerodynamic benefit or even make the aerodynamics worse.
what states have legalized prostitution,"Currently, Nevada is the only state to allow brothel prostitution, the terms of which are stipulated in the Nevada Revised Statutes."
when did secretariat win,"Secretariat (March 30, 1970 – October 4, 1989) was an American Thoroughbred racehorse that in 1973 became the first U.S. Triple Crown champion in 25 years."
who does afge represent,"The American Federation of Government Employees (AFGE) is an American labor union representing over 650,000 employees of the federal government , about 5,000 employees of the District of Columbia , and a few hundred private sector employees, mostly in and around federal facilities."
what produces calcitonin,"Calcitonin (also known as thyrocalcitonin) is a 32-amino acid linear polypeptide hormone that is produced in humans primarily by the parafollicular cells (also known as C-cells) of the thyroid , and in many other animals in the ultimobranchial body ."
when does air bag deploy,It is an occupant restraint system consisting of a flexible fabric envelope or cushion designed to inflate rapidly during an automobile collision .
when album love always released,"Love Always is the debut album of American R&B duo K-Ci & JoJo , released on June 17, 1997, by MCA Records ."
what are dialysis tubes,Dialysis tubing is a type of semi- or partially permeable membrane tubing made from regenerated cellulose or cellophane .
what are loan originations,"Loan origination is the process by which a borrower applies for a new loan , and a lender processes that application."
what is sims language,"Wright later commented that using ""nonsense language"" turned out to be the right development choice, as people were capable of imagining it more realistically than a computer could simulate a real one."
what is lung effusion,"Pleural effusion is excess fluid that accumulates between the two pleural layers , the fluid-filled space that surrounds the lungs."
what is metal music about,"With roots in blues rock and psychedelic rock , the bands that created heavy metal developed a thick, massive sound, characterized by highly amplified distortion , extended guitar solos, emphatic beats, and overall loudness."
what is sanskrit shri,"Sri ( Devanagari : श्री, IAST ; Śrī), also transliterated as Sree or Shri or Shree is a word of Sanskrit origin, used in the Indian subcontinent as polite form of address equivalent to the English ""Mr."" in written and spoken language, or as a title of veneration for deities (usually translated as ""Holy"")."
what is blood urea,The liver produces urea in the urea cycle as a waste product of the digestion of protein .
where is modesto california,"Modesto ( Spanish for ""modest""), officially the City of Modesto, is the county seat and largest city of Stanislaus County , California , United States ."
when was srv born,"Stephen ""Stevie"" Ray Vaughan (October 3, 1954 – August 27, 1990) was an American guitarist, singer-songwriter, and record producer."
what is ethernet gigabit,"In computer networking , gigabit Ethernet (GbE or 1 GigE) is a term describing various technologies for transmitting Ethernet frames at a rate of a gigabit per second (1,000,000,000 bits per second), as defined by the IEEE 802.3-2008 standard."
where is bloemfontein in africa,"Bloemfontein (, ; Dutch for ""fountain of flowers"") is the capital city of the Free State Province of South Africa ; and, as the judicial capital of the nation, one of South Africa's three national capitals – the other two being Cape Town , the legislative capital, and Pretoria , the administrative capital."
When Is Passover Over,"In Judaism , a day commences at dusk and lasts until the following dusk, thus the first day of Passover only begins after dusk of the 14th of Nisan and ends at dusk of the 15th day of the month of Nisan."
what is captcha code,A CAPTCHA () is a type of challenge-response test used in computing as an attempt to ensure that the response is generated by a human being .
where is valley village ca,"Village is a district in the San Fernando Valley region of Los Angeles, California ."
what is quasi judicial agency,"A quasi-judicial body is an entity such as an arbitrator or tribunal board, generally of a public administrative agency, which has powers and procedures resembling those of a court of law or judge , and which is obligated to objectively determine facts and draw conclusions from them so as to provide the basis of an official action."
what is lockton affinity,"Lockton Affinity: Lockton Affinity, an affiliate of Lockton Companies, meets the insurance needs of affinity groups, franchises, professional organizations, and associations of all sizes."
where is osaka japan,"is a city in the Kansai region of Japan's main island of Honshu , a designated city under the Local Autonomy Law , the capital city of Osaka Prefecture and also the largest part of the Keihanshin metropolis, which comprises three major cities of Japan, Kyoto , Osaka and Kobe ."
When was Apple Computer founded,"The company was founded on April 1, 1976, and incorporated as Apple Computer, Inc. on January 3, 1977."
what is section eight housing,"Section 8 of the Housing Act of 1937 (), often simply known as Section 8, as repeatedly amended, authorizes the payment of rental housing assistance to private landlords on behalf of approximately 3.1 million low-income households."
how did armando christian perez become famous,"Armando Pérez (born January 15, 1981), better known by his stage name Pitbull, is an American rapper, songwriter, and record producer."
where is penn state stadium,"Beaver Stadium is an outdoor college football stadium in University Park , Pennsylvania , United States , on the campus of The Pennsylvania State University ."
what is associates arts degree,"An associate degree is an undergraduate academic degree awarded by community colleges , junior colleges , technical colleges, and bachelor's degree -granting colleges and universities upon completion of a course of study usually lasting two years."
what is IBRIX,"IBRIX Fusion is a scalable parallel file system combined with integrated logical volume manager , availability features and a management interface."
HOW AFRICAN AMERICANS WERE IMMIGRATED TO THE US,"As such, African immigrants are to be distinguished from African American people, the latter of whom are descendants of mostly West and Central Africans who were involuntarily brought to the United States by means of the historic Atlantic slave trade ."
Puerto Rico experienced many landslides due to Hurricane Maria in,2017
Blood absorbs oxygen in the,organs that develop during childhood
what characterizes a cycle,a steady recurrence
Phase changing occurs when,jello mix is refrigerated
Humans grow thinner when they,lack food
Nutrients in soil,are passed on to the producer organisms
What action does sweat take once it forms?,it falls
Paleontologists study,Old Animal Feces
Flowers start die when,They are pulled from the ground
seeds may grow when,placed underground
A fan pushes air with,rotating flat surface
insulation for the purposes of moving electrons involves,insulation encompassed wire
Some monkey babies may be,taken care with two parents
Which event includes melting?,cooking in butter
Energy will be expended for,a monkey with a puncture wound to get better
A microscope creates clarity by,augmentation
trees will grow from,hack berries
A maglight puts out,a beam
A light using energy can cease that activity when,wall switch is adjusted
riding a bike helps prevent,environment harm
Some Eagles might even consume,Sloths
What scratches glass easily?,a crystal that regulates electronic oscillators in watches
An innate instinct could be,a dog drooling when it sees food
Falcons reside best in,Scottish moors
Who can hear sounds?,giraffes
Ethanol sometimes might be,concocted
Plate shifting likely directly created,the Alps
Which organism cannot specialize?,protozoa
Cocoon creation occurs,after the caterpillar stage
"""What color did Air France repaint some """"Concorde jets to advertize Pepsi?""",Blue
What oriental game comprises 144 tiles?,Mah-jong
Which battle does Anzac Day specifically commemorate?,Gallipoli
At which temperature do Fahrenheit and Celsius meet?,-40 degrees
Which Muslim free school in Derby was slated by Ofsted inspectors?,AL-MADINAH
Which Persian king invaded Greece to punish Athens?,Darius
Which Spaniard painted the Naked Maja?,Goya
Who wrote tyhe Barchester novels ?,ANTHONY TROLLOPE
Who exercises power in a stratocracy ?,THE MILITARY
Biblical hairshirt worn with ashes?,Sackcloth
"Everlast, Winning, and Grant are famous equipment brands for?",Boxing
Fantastic food drinks atmosphere !!!,
Permanently closed!,
"Since Ancient Rome, lime mortar (masonry cement) includes for reinforcement/moisture flexibility?",Horse hair
Who played Cathy in Ken Loach’s ground-breaking drama Cathy Come Home?,Carol White
People eating meals or snacks containing substances are further processed in the,gastro tract
What did Heike Kamerlingh-Onnes discover?,Superconductivity
Radioactive decay of naturally occurring Uranium eventually concludes as?,Lead
"The following were influential in developing which subject in China: Liu Hui, Zu Geng, Li Chunfeng, Yang Hui, Shen Kuo, Liu Xin, Zhang Heng, Liu Hui, Zu Chongzhi and Wang Xiaotong?",Mathematics
"The international corporate brands Slacker, Rdio and Spotify deliver primarily what services/product?",Music
"Agulhas, Kuroshio, Benguela, Canary and Humboldt are?",Ocean currents
What historic UK county part-comprises East Ridings and West Ridings? Northumberland; Yokshire; Kent; or Cork?,Yorkshire
how deep can be drill for deep underwater,Deepwater drilling is the process of oil and gas exploration and production in depths of more than 500 feet.
how do forensic auditors examine financial reporting,"The audit opinion is intended to provide reasonable assurance, but not absolute assurance, that the financial statements are presented fairly, in all material respects, and/or give a true and fair view in accordance with the financial reporting framework."
how did mohammed gandhi die,He was assassinated on 30 January 1948 by Nathuram Godse who thought Gandhi was too sympathetic to India's Muslims.
what artist have song with ashanti?,"Ashanti wrote and sang background on Jennifer Lopez 's "" Ain't It Funny (Murder Remix) "", which reached number one on Billboard Hot 100, which was also in the top 10 chart at the same time as ""Foolish"", ""Always on Time"" (with Ja Rule ), and ""What's Luv"" (with Fat Joe )."
what do jehovah witnesses believe,"Jehovah's Witnesses' beliefs are based on their interpretations of the Bible and they prefer to use their own translation, the New World Translation of the Holy Scriptures ."
what is .17 hmr caliber,".17 Hornady Magnum Rimfire, commonly known as the .17 HMR, is a rimfire rifle cartridge developed by the ammunition company Hornady in 2002."
what town is laurel hollow ny in,"Laurel Hollow is a village in the Town of Oyster Bay in Nassau County, New York in the United States ."
when did kurt cobain kill himself,"On April 8, 1994, Cobain was found dead at his home in Seattle , the victim of what was officially ruled a suicide by a self-inflicted shotgun wound to the head."
when was jacques cousteau born,"Jacques-Yves Cousteau (; commonly known in English as Jacques Cousteau; 11 June 1910 – 25 June 1997) was a French naval officer, explorer , conservationist , filmmaker, innovator, scientist, photographer, author and researcher who studied the sea and all forms of life in water."
where is rashard lewis from???,"Rashard Quovon Lewis (born August 8, 1979 in Pineville, Louisiana ) is an American professional basketball player who currently plays for the Miami Heat of the NBA ."
What harmful phenomenon can cause atmospheric warming?,gasses with pollution
Smoking can also effect what besides themselves,Jonny and Susie
If steam chills then the vapor will,thicken
Animals the exemplify relationship behaviors are,killdeer
usually plants die or become dormant after the,lowest solstice
What stimulants taste buds sour and,sucrose
A rabbit receives his essential elements from his,circulation system
Which sustains life yet stopped growing?,a felled tree
Pit bulls thin their thicker coats by,shedding
What does Q mean in FAQ?,Question
Who wrote Twenty Years Before The Mast?,Charles Erskine
How many lions guard Nelson's Column?,Four
Who has friends Chris Rabbit and Mosey Mouse and enemies Farmer Giles and Rum Baa Baa?,Henry's Cat.
Sorted for Es and Whizz?,Pulp
The tragic videoed killing of Neda Agha-Soltan became iconic following what city's demonstrations?,Tehran
What did Little Bo Peep lose?,Sheep
What machine separates grain from its stalk?,Thresher
Closed rip..........  Available sign.........,
"What main religion celebrates festivals including Nuakhai, Yatra (or Zatra/Jatra), Pongal, Holi and Shigmo?",Hindu
WHAT IS THE LENGTH OF A NAUTICAL MILE,"By international agreement it has been set at 1,852 metres exactly (about 6,076 feet)."
What prohibits cells from contorting into deformed shapes?,the thin membrane which surrounds them
"In the intermediary before rain falls, observers may note",menacing skies
Lodestones sharply yank metal nails because of,allure
Your body goes into starvation mode when you insufficient amounts of,sustenance
Which Iowa-born artist painted American Gothic and Spring Turning?,Grant Wood
Which Austrian wrote The Psychopathology of Everyday Life?,Freud
Which physical disability is called medically ‘talipes’?,Club Foot
HMV (His Master's Voice) early logo?,Nipper
A modern 'balance bicycle' is purpose-designed for?,Children
The element Silcon is vaguely yet generally categorized as?,Non-metal/metalloid
What geometrical shape most closely approximates India?,Triangle
thermal energy insulators are often good electrical insulators like:,the rubber sandwiched between two iron slabs
BBC TV science presenter Brian Cox played keyboards with which nineties band ?,D-REAM
"Isolation, quarantine, or secrecy - from Persian/Urdu?",Purdah
The bay leaf plant originated what term of glory or repute?,Laureate
Apple Inc's 'digital wallet' virtual banking service is called Apple?,Pay
Araneus diadematus is the widely-found European garden?,Spider
"Letter, Legal, Executive, Ledger/Tabloid are N American?",Paper sizes
What architect and peer accused Prince Charles of unconstitutional abuse of power?,Richard Rogers
The Garonne river passes through Toulouse and Bordeaux after rising where?,The Pyrenees
"The brands Daiwa, Drennan, Hardy, and Berkley famously involve?",Fishing
Which pseudonymous artist's most valuable works include Kissing Coppers and Vandalised Phone Box?,Banksy
how is ASP.NET different from .NET,ASP.NET is a server-side Web application framework designed for Web development to produce dynamic Web pages .
Horrible Airport Like It Smell Like Throw Up Not Nice pple are Rude Not Clean Restrooms Just a Sad Place Never Flying there Again,
how did wild bill's father die,"He was shot and killed while playing poker in the Nuttal & Mann's Saloon in Deadwood , Dakota Territory (now South Dakota )."
what does salesforce.com do?,"Though best known for its customer relationship management (CRM) product, Salesforce has also expanded into the ""social enterprise arena"" through acquisitions."
what domain is eu,.eu is the country code top-level domain (ccTLD) for the European Union (EU).
How did Edgar Allan Poe die?,"On October 7, 1849, at age 40, Poe died in Baltimore; the cause of his death is unknown and has been variously attributed to alcohol, brain congestion, cholera , drugs, heart disease, rabies , suicide, tuberculosis, and other agents."
how many gold gloves does barry larkin have,"Larkin is considered one of the top players of his era, winning nine Silver Slugger awards and three Gold Glove awards ."
how did seminole war end,"Ultimately, the Spanish Crown ceded the colony to United States rule."
what creates sonic boom,A sonic boom is the sound associated with the shock waves created by an object traveling through the air faster than the speed of sound.
how is rfid tag powered,Some tags are powered and read at short ranges (a few meters) via magnetic fields ( electromagnetic induction ).
what does an advocacy website promote?,"Advocacy is a political process by an individual or group which aims to influence public-policy and resource allocation decisions within political, economic, and social systems and institutions."
what culture is mariah carey,"Mariah Carey (born March 27, 1970) is an American singer , songwriter , record producer , actress , and philanthropist ."
What causes rogue waves,"Rogue waves seem not to have a single distinct cause, but occur where physical factors such as high winds and strong currents cause waves to merge to create a single exceptionally large wave."
what do pigs eat,Pigs are omnivores and are highly social and intelligent animals.
how does weather happen,Weather is driven by air pressure (temperature and moisture) differences between one place and another.
what causes thunder sound,Thunder is the sound caused by lightning .
what are corporation balance,"A balance sheet is often described as a ""snapshot of a company's financial condition""."
who wrote white christmas,"""White Christmas"" is an Irving Berlin song reminiscing about an old-fashioned Christmas setting ."
what are superannuation contributions?,Superannuation in Australia refers to the arrangements which people make in Australia to have funds available for them in retirement .
when barack obama was born,"Barack Hussein Obama II (; born August 4, 1961) is the 44th and current President of the United States , the first African American to hold the office."
what people used mayan numeral system,Maya numerals are a vigesimal ( base - twenty ) numeral system used by the Pre-Columbian Maya civilization .
when did gary moore die,"Robert William Gary Moore (4 April 1952 – 6 February 2011), was a Northern Irish musician, most widely recognised as a singer and guitarist."
who won antm cycle 12,"The winner was 20-year-old Teyona Anderson from Woodstown, New Jersey ."
what are warehouse spreadsheets used for,"The data stored in the warehouse are uploaded from the operational systems (such as marketing, sales etc., shown in the figure to the right)."
when did xbox release,"It was released on November 15, 2001 in North America, February 22, 2002 in Japan, and March 14, 2002 in Australia and Europe."
when does v start,"V is an American science fiction television series that ran for two seasons on ABC , from November 3, 2009 to March 15, 2011."
"what is ""thin film"" technology",A thin film is a layer of material ranging from fractions of a nanometer ( monolayer ) to several micrometers in thickness.
what zones are tropical,The tropics is a region of the Earth surrounding the Equator .
when did charles dickens live,Charles John Huffam Dickens (; 7 February 1812 – 9 June 1870) was an English writer and social critic.
when do solar eclipses happen?,"As seen from the Earth , a solar eclipse occurs when the Moon passes between the Sun and Earth, and the Moon fully or partially blocks ("" occults "") the Sun."
when did andrea doria sink,"Pronounced was an ocean liner for the Italian Line (Società di navigazione Italia) home ported in Genoa , Italy, most famous for its sinking in 1956, when 52 people died (51 from immediate impact)."
what are club seats,"They are usually right next to the Luxury Boxes , either right above, right below, or sandwiched between two levels of Luxury Boxes."
when the wind blows james patterson,When the Wind Blows is a novel by James Patterson .
what are lobbying groups,"Lobbying (also lobby) is the act of attempting to influence decisions made by officials in the government , most often legislators or members of regulatory agencies ."
who sang cool jerk,"""Cool Jerk"" is a popular song written by Donald Storball and originally performed by The Capitols ."
who sang sun city,"""Sun City"" is a 1985 protest song written by Steven Van Zandt , produced by Van Zandt and Arthur Baker and recorded by Artists United Against Apartheid to convey opposition to the South African policy of apartheid ."
when monopoly came out,"The earliest known design was by the American, Elizabeth Magie , patented in 1904 but existing as early as 1902."
when does a demand curve shift?,"In economics , the demand curve is the graph depicting the relationship between the price of a certain commodity and the amount of it that consumers are willing and able to purchase at that given price."
What is Ischemia or infarction?,Vascular ischemia of the toes with characteristic cyanosis .
when was everybody hates chris made,"Everybody Hates Chris is an American television period sitcom that depicts the teenage experiences of comedian Chris Rock (who is also the narrator ) while growing up in the Bedford-Stuyvesant neighborhood of Brooklyn, New York ."
what is cubic ft,"The term cubic foot is an Imperial and US customary (non- metric ) unit of volume , used in the United States and the United Kingdom."
what is civil engineering aBOUT,"Civil engineering is a professional engineering discipline that deals with the design, construction, and maintenance of the physical and naturally built environment, including works like roads, bridges, canals , dams, and buildings."
what is bones job,"The show is based on forensic anthropology and forensic archaeology , with each episode focusing on an FBI case file concerning the mystery behind human remains brought by FBI Special Agent Seeley Booth ( David Boreanaz ) to the forensic anthropologist Dr. Temperance ""Bones"" Brennan ( Emily Deschanel )."
what is lean manufacturing and who developed,"Lean manufacturing, lean enterprise, or lean production, often simply, ""Lean,"" is a production practice that considers the expenditure of resources for any goal other than the creation of value for the end customer to be wasteful, and thus a target for elimination."
where is testosterone produced,"Testosterone is a steroid hormone from the androgen group and is found in mammals, reptiles, birds, and other vertebrates ."
who is norah jones parents,She is the daughter of Indian sitar player Ravi Shankar and Sue Jones.
where  is kj 52 from,"Jonah Kirsten Sorrentino (born June 26, 1975), better known by his stage name KJ-52, is a Christian rapper from Tampa, Florida ."
what is leasehold; real estate,A leasehold estate is an ownership of a temporary right to hold land or property in which a lessee or a tenant holds rights of real property by some form of title from a lessor or landlord .
what is primary medicine,Primary care may be provided in community health centres.
when is halley's comet next,Halley's Comet last appeared in the inner Solar System in 1986 and will next appear in mid-2061.
what is eic earned income credit,"The United States federal earned income tax credit or earned income credit (EITC or EIC) is a refundable tax credit for low- and medium-income individuals and couples, primarily for those who have qualifying children."
WHAT IS NON BINDING?,"Non-binding arbitration is a type of arbitration in which the arbitrator makes a determination of the rights of the parties to the dispute, but this determination is not binding upon them, and no enforceable arbitration award is issued."
who discovered neptune the planet,"With a prediction by Urbain Le Verrier , telescopic observations confirming the existence of a major planet were made on the night of September 23–24, 1846, at the Berlin Observatory , by astronomer Johann Gottfried Galle (assisted by Heinrich Louis d'Arrest ), working from Le Verrier's calculations."
who sang proud mary,"""Proud Mary"" is a rock song written by American singer-songwriter and multi-instrumentalist John Fogerty , and recorded by his band Creedence Clearwater Revival ."
what religion is westminster abbey,"The Collegiate Church of St Peter at Westminster, popularly known as Westminster Abbey, is a large, mainly Gothic church, in the City of Westminster , London , located just to the west of the Palace of Westminster ."
what season is  dexter on,"After months of rumors, on April 18, 2013, Showtime announced via social media that season eight would be the final season of Dexter."
who makes triumph motorcycles,"Triumph Engineering Co Ltd, a defunct British motorcycle manufacturer"
what are garnishments,"A garnishment is a means of collecting a monetary judgment against a defendant by ordering a third party (the garnishee) to pay money, otherwise owed to the defendant , directly to the plaintiff ."
what is stepwise linear regression,"In statistics , stepwise regression includes regression models in which the choice of predictive variables is carried out by an automatic procedure."
what is bilirubin total,Bilirubin (formerly referred to as hematoidin) is the yellow breakdown product of normal heme catabolism .
Condensation over night,can lead to slippery grass
Beach balls contain,carbon dioxide
The spinal cord contains,electrically excitable cells
Tsunamis,can rearrange coastal shorelines
A stopwatch is helpful,when tracking split times on runs
What causes orbits?,planetary pull
Melting of polar icecaps will,cause the loss of animal habitats
Many families survive the winter thanks to,furnace
Human astronauts have visited,the closest celestial object to earth
Water evaporates less,in a basement
Taking shorter hot showers,will aid in preserving the water supply
As a liquid's temperatures get hotter,ice cream will deliquesce faster when the liquid is poured over it
Some pupa may,go into sand
Silver nitrate on hardened silicon will force light to,refract
Several animals flourish in cold temperatures like,Terns
the moon rising occurs,7 times a week
smoking will directly affect what?,intensity of cough
positively impact your bodies strength by,dead-lifting
Bananas spread their chromosomes because of,bats
A granite counter top,is made of minerals
Slate probably formed,deep within the earth
Plateaus are typically,frequented by lightening
Diverting overflow from a reservoir through pipes generates,hydropower
A horse barn fire,damages the structure and animals trapped inside
A lizard has young,in shells
Which feels hotter?,"90 degrees Fahrenheit, high humidity"
What pattern best describes most migration?,north to south
A reflective surface fogging up is,condensation
Chewying and swallowing a steak,breaks it down
An unseen force tugs at celestial bodies giving them,a trajectory
A faucet drips,melted ice
Nerves all have,microscopic parts
MRIs can make,fillings dance
Overpopulation may result,from a boom in reproduction of an organism
Wide tree rings mean,thriving
A microscope uses refraction to increases,perception of objects
animals learn some behaviors from watching their,caretakers
An electromagnet contains cylindrical what?,plate armor
Which relationship involves inheritance of genetics?,mother-daughter
Japan made Pearl Harbor,it's victim
All plants require this,H2O
A decomposer might thrive more on,Old turkey
To make hydropower you need,to stop or slow moving water
Coral get their ____ from algae,vibrance
More sleep leads to,sense of well-being
A brick wall stops,lumens
What conducts electricity?,suit of armor
Which contain seeds?,mandarins
What tastes flavors?,flamingos
Landfills can cause,bad odors
Controlled burns help prevent wildfires by cleaning up,dead foliage
What are predators?,meat devourers
What best explains a muddy road becoming dry later?,evaporation
What did Clarice Cliff create?,Pottery
The word anchorman was credited by Sig Michelson about which CBS News Legend?,Walter Cronkite
Which record company signed Fabian?,Chancellor
Which Gloria co-founded Ms magazine?,Steinem
Which singer married director Blake Edwards?,Julie Andrews
Which three elements make up carbohydrates?,"Carbon, Hydrogen and Oxygen"
How did Tollund Man die?,Strangulation
Which tribe did Crazy Horse lead?,Sioux
Who manned the first plane flight?,The Wright Brothers
Car batteries usually have what voltage?,12 volts
Who famously left from Scampton?,The Dam Busters
Which Dickens hero went to Salem House School under headmaster Mr Creakle?,David Copperfield
Used in brewing what is Humulus Lupulus?,The Hop Plant
The Gasworks Gang were which comic paper character’s sworn enemies?,Lord Snooty
Which Cabinet minister fathered Flora Keays by his secretary?,Cecil PARKINSON
Which prizes does Harvard award annually for trivial achievements in scientific research?,Ig Nobel Prizes
Which cry always opened the Billy Cotton Band Show?,Wakey Wakey
Which city stages the annual Celtic Connections festival?,Glasgow
Which pub group owns the Toby Carvery chain?,MITCHELLS AND BUTLERS
"What does J.I.T. mean , applied to production scheduling ?",JUST IN TIME
Car exhaust fumes contain mainly what poisonous gas?,Carbon monoxide
What recent wine-making country produces varieties from its Maharashtra region?,India
"What is Python for Google, Yahoo, Youtube and many major online corporations?",Programming language
"Gatka, Mardani khel, Musti yuddha, and Silambam are?",Indian martial arts
Extragalactic refers to beyond the?,Milky Way
What number features most prevalently internationally in toll-free or 'freefone' telephony?,800
"What tool has a grind, spine, fuller and ricasso?",Knife
The Weber and Tesla (standard international) measurement units apply to?,Magnetism
What potent plant is called technically Papaver somniferum?,Opium poppy
Vermicular refers to patterns or movements like?,Worms
The Swiss-founded Hublot corporation famously provides certain major sports events?,Timekeeping
The web 'error' code 404 means?,Not found
What term did former Yahoo! vice-president and author Seth Godin originate whereby potential customers 'opt-in' to receive advertising?,Permission marketing
Where was gridiron football developed?,USA
What motive power does a yacht commonly use?,Wind
Always leaving incredibly happy,
Fantastic martinis!!,
Mug club 70360,
Hells yeah!,
Home sweet home!!,
no air conditioning??,
"Which drama featured Michael Pallin, Robert Lindsay, & Julie Walters as Lindsay's mum?",GBH
‘He’s all England needs – another queen who can’t dress’ by Joan Rivers?,Boy George
Which well known cheese is transported in cyclindrical wood-chip boxes.,Camembert
Which French painter fractured both thigh bones in his teens leaving him deformed?,Toulouse-Lautrec
RHB. The Coast-to-Coast walk finishes at which coastal village?,ROBIN HOOD’S BAY
"Scoop, Muck, Roley and Lofty are whose vehicles?",Bob the Builder
In language the term ellipsis refers to missing/omitted what?,Words
To what very common consumer items do the IEC codes R6 and R03 and equivalent ANSI codes AA and AAA refer?,Batteries
what is mpeg4  avc or sp/asp,"H.264/MPEG-4 Part 10 or AVC (Advanced Video Coding) is a standard for video compression , and is currently one of the most commonly used formats for the recording, compression, and distribution of high definition video ."
Which American economist is the foremost advocate of monetarism?,Milton Friedman
On average who's hearts beat faster; men or women?,Women
Which business directory had the ‘Walking Fingers’ logo?,Yellow Pages
Which economic law says ‘Bad money drives out good’?,Gresham’s Law
A mutated MC1R gene causes what physical trait?,Red Hair
Which number do bingo callers link with “The Brighton Line”?,59
In which adventure story does the magistrate Dr Livesey feature?,Treasure Island
What bridge connects Dawes Point to Milson's Point?,Sydney Harbour Bridge
What language is 'Jeg elsker dig' ?,Danish
Wainwrights were craftsmen who made what?,Wagons
"Hughie Jones, Cliff Hall, Mick Groves and Tony Davis comprised which top folk line up?",The Spinners
What York-based Quaker family created several substantial social reform trusts as a legacy of its chocolate business?,Rowntree
how many world series did curt schilling have,He helped lead the Philadelphia Phillies to the World Series in and won World Series championships in with the Arizona Diamondbacks and in and with the Boston Red Sox .
how many district are in west bengal,"In 1947, when India gained independence, the state of West Bengal was formed with 14 districts, as per partition plan of the then Bengal province of British India ."
How many consecutive games did Ken Jennings win?,"In 2004, Jennings won 74 Jeopardy!"
how many kids does archie manning have,"He is the father of current Denver Broncos quarterback Peyton Manning , current New York Giants starting quarterback Eli Manning , and former Ole Miss receiver Cooper Manning ."
where did mark jackson play pro basketball?,"A point guard from St. John's University , he played for the New York Knicks , Indiana Pacers , Los Angeles Clippers , Denver Nuggets , Toronto Raptors , Utah Jazz and Houston Rockets in the NBA in a career spanning from 1987 to 2004."
where do women ejeculation exactly coming from,Female ejaculation is the expulsion of fluid by human females from the paraurethral ducts through and around the female urethra during or before an orgasm .
where is loxahatchee fl at,"Loxahatchee is a community located in Palm Beach County , Florida , United States ."
where is UWA on world list of universities,"One of Australia's best and most prestigious universities, UWA is highly ranked internationally in various publications; the 2011 QS World University Rankings placed UWA at 73rd internationally."
Winter snows follow Autumn's falling leaves by,three months
A nail can attach to metals after it receives,electricity
What impact does humans changing animals habits have?,inimical
Reducing bacteria in food prevents what?,maladies
Perspiration leaving the torso through evaporation helps,cool it down
Blood gets directed around beneath skin and bone by,long passages
hunting means humans stalk and murder animals in,the sahara
A tiger with a stubby tail most likely,had ancestors with that trait
Flowers make themselves attractive to hummingbirds with,an optimal angle
Electric cars can have _______ and still run,empty juice
Which are all likely enabled by rock folding?,"the Himalayas, spelunking, and valleys"
Which broadcasting company did Edward J Noble found?,ABC
What tube connects the kidney to the bladder?,Ureter
Which objects in space emit energy in pulses?,Pulsars
Familiarity breeds contempt - and children.,Mark Twain
For whom did Paul McCartney write Hey Jude?,Julian Lennon
What is Springfield’s neighbouring rival town called?,Shelbyville
Which group recorded the early heavy-metal classic Very 'Eavy Very 'Umble?,Uriah Heep
Which canal connects Antwerp with Liege?,Albert Canal
Which engineer first used the term Horsepower?,(James) WATT
Yellow Fever is generally carried/transmitted by?,Mosquito bite
Gargoyles on buildings traditionally support?,Guttering
Amazon's next-day delivery service censured for breaching UK advertising standards is?,Prime
The Virgin space tourism business is branded?,Galactic
What bodily process breaks food down into nutrients?,Digestion
What native language would Jesus Christ have spoken?,Aramaic
"""What """"moon"""" traditionally follows a wedding?""",Honey
Bodyboarding is recorded among Hawaiians when?,1778
Where was opera singer Maria Callas born?,USA
Whose musical works included Composition For Orchestra and Philomel?,Milton Babbit
Which political commentator has presented both Weekend World and A Week in Politics?,Peter Jay
"Where, theoretically, might one find objects squeezed to an infinite density?",Black Hole
Mick Robertson and Jenny Handley presented which Children's TV Programme?,Magpie
How many roles did Alec Guinness play in Kind Hearts And Coronets?,8
What subject does Catherine Tate’s character teach in ‘Big School’?,FRENCH
Which film sees the brothers Marcus Et Spencius slave trading company?,Carry On Cleo
"Clipper, Brigantine, Corvette, and Schooner are?",Sailing ships
What creatures in Scandinavian folklore have evil powers and malevolent dispositions?,Trolls
For ASU gear: shop at Team Sports USA - authentic merchandise.,
"Lockheed Martin, Raytheon, and General Dynamics are notable corporations in what sector?",Armaments
"What controversial process uses a 'proppant' with 'slickwater' or gel/foam including additives such as hydrochloric acid, guar gum, radioactive tracers?",Fracking
Shi Go Roko ('she go rocko') is 'four five six' in?,Japanese
"Dragonflies have the sharpest vision of any insect, each compound eye having how many lenses?","30,000"
how are glacier caves formed?,A glacier cave is a cave formed within the ice of a glacier .
what does base jumping stand for,"BASE jumping, also sometimes written as B.A.S.E. jumping, is an activity where participants jump from fixed objects and use a parachute to break their fall."
what do cyberstalkers do,"Cyberstalking is the use of the Internet or other electronic means to stalk or harass an individual, a group of individuals, or an organization."
who can file suspicious activity report,"In United States financial regulation , a suspicious activity report (or SAR) is a report made by a financial institution to the Financial Crimes Enforcement Network (FinCEN), an agency of the United States Department of the Treasury , regarding suspicious or potentially suspicious activity."
where did erisa come from,"The Employee Retirement Income Security Act of 1974 (ERISA) (, codified in part at ) is a federal law which establishes minimum standards for pension plans in private industry and provides for extensive rules on the federal income tax effects of transactions associated with employee benefit plans."
what war led to Pearl Harbor,"War between Japan and the United States had been a possibility that each nation's military forces planned for since the 1920s, though real tension did not begin until the 1931 invasion of Manchuria by Japan."
who sung the banana boat song,"""Day-O (The Banana Boat Song)"" is a traditional Jamaican mento folk song, the best-known version of which was sung by Harry Belafonte and an alternate version interspersed with another Jamaican folksong , Hill and Gully Rider, by Dame Shirley Bassey ."
who killed robert kennedy,"Sirhan Sirhan , a 24-year-old Palestinian / Jordanian immigrant , was convicted of Kennedy's murder and is serving a life sentence for the crime."
when did pearl harbor get bombed,"The attack on Pearl Harbor (called Hawaii Operation or Operation AI by the Japanese Imperial General Headquarters (Operation Z in planning) and the Battle of Pearl Harbor) was a surprise military strike conducted by the Imperial Japanese Navy against the United States naval base at Pearl Harbor , Hawaii, on the morning of December 7, 1941 (December 8 in Japan)."
when did classification of races begin,"First used to denote national affiliations, the term began to be used to relate to physical traits in the 17th century."
when did lucy stone died,"Lucy Stone (August 13, 1818 – October 19, 1893) was a prominent American abolitionist and suffragist , and a vocal advocate and organizer promoting rights for women ."
when did daylight savings time start,The modern idea of daylight saving was first proposed in 1895 by George Vernon Hudson and it was first implemented during the First World War .
who passed no child left behind,"President Bush signing the No Child Left Behind Act at Hamilton H.S. in Hamilton, Ohio ."
what is steam by valve corporation,"Steam is a digital distribution , digital rights management , multiplayer and communications platform developed by Valve Corporation ."
who is director jack smight,"Jack Smight (March 9, 1925 - September 1, 2003) was an American theatre and film director ."
what is black hairy tongue disease,"Black hairy tongue (BHT, also termed lingua villosa nigra) refers to a condition of the tongue where the filiform papillae elongate with black or brown discoloration, giving a black and hairy appearance."
where are poison dart frog seen,"Poison dart frog (also dart-poison frog, poison frog or formerly poison arrow frog) is the common name of a group of frogs in the family Dendrobatidae which are native to Central and South America ."
what is tmz stand for,"The name TMZ stands for the historic "" studio zone "" or 30-mile zone radius from the intersection of West Beverly Boulevard and North La Cienega Boulevard in Los Angeles."
where is kos from?,"Kevin Brereton (born February 20, 1972), better known by his stage name k-os (; ""chaos""), is a Canadian rapper , singer , songwriter and record producer ."
what separates me from you album,What Separates Me from You is the fourth studio album by American metalcore / pop punk band A Day to Remember .
when did freddie mercury die,"Freddie Mercury (born Farrokh Bulsara; Gujarati : ફરોખ બલ્સારા‌, Pharōkh Balsārā‌); 5 September 1946 – 24 November 1991) was a British musician, singer and songwriter, best known as the lead vocalist and lyricist of the rock band Queen ."
when did steven adler play for guns and roses,"He is best known as the former drummer and co-songwriter of the hard rock band Guns N' Roses , with whom he achieved worldwide success in the late 1980s."
where was jfk buried,"After the Requiem Mass at St. Matthew's Cathedral , the late president was buried at Arlington National Cemetery in Virginia."
What doesn't eliminate waste?,robots
Shorter periods of daylight happen,December to March
what is sonar used for,gathering lost things
Flowers will reproduce more if,more bees make a pit stop at them
As demand for product lags,retailers lose out on revenue
What can melting glaciers deposit?,heaps of crystalline solids
Descending air pressure leads to,an ascending chance of showers
A calf that dies will eventually,disintegrate
A big cat looks for prey,at 11pm
An attraction may be magnetic if,substances find one another irresistible
Competition is fierce among lions,when the antelopes are scare
What does crop rotation renew?,loam
A book experiences tearing so it,has lost status as whole
A tiny sand particle came from,larger mineral chunks
Personal protection equipment is essential when,experimenting with volatile and vaporous liquids
What does pencil lead contain?,stable carbon
A pond of frogs once contained,pollywogs
A coral plant will thrive in,shallows
A parent contributes DNA to their offspring which can result in,freckles
Which can is depleted permanently?,coal
You might recycle plastic by creating,beanies
Sliding off concrete and onto gravel produces higher levels of,chafing
A horse could start trembling when,a cold front is moving in
Which is nonmagnetic?,traffic cone
A peach pit holds the beginning,nutrients
a complete lunar cycle takes about,a month
Porpoises move fastest in,saltwater
Corn would likely provide nutrients to,a raven
An animals brain controls what?,said organism
Obstacles that might impede a dune are,cacti
Maglites use nickle with cadmium to produce,illumination
Where do bees get nutrition?,a powdery substance found in the reproductive parts of plants
A dead giant sequoia,falls down
Blocking a river creates homes for,fish
A retina may be illuminated by,campfires
Water will become vapor quicker in,Mercury
A person avoiding UV rays would,close their bedroom blinds
Why would something appear blue?,it reflects the same wavelength as the sea
Which only needs sparse water?,chuckwallas
A typhoon can potentially cause,overflowing wetness
Elk are protected where?,nat'l parks
reptiles lay what?,oval whites
Vitamin D heals what?,human frame
Where was The Iron Triangle?,Vietnam
What does Volkswagen actually mean?,People's car
In what years did John Henry win the Arlington Million?,1981 & 1984
Who guested in Happy Days where his daughter was playing Jenny Piccalo?,Phil Silvers
Which tennis ace completed his fifth successive Wimbledon singles triumph?,Bjorn Borg
Which classic of English literature sees the heroine marry a farm worker called Angel Clare?,Tess Of The d'Urbervilles.
Who played Aunt Renee in The Frogs Legacy?,Joan Sims
Who crowned Napoleon as Emperor?,He crowned himself
"1978 song , sung by Warren Zevon.",Werewolves of London
Which substance makes bread rise?,Yeast
"Sax Rohmer created which notorious, fictional criminal?",Dr. FU MANCHU
Under what pen name does novelist David Cornwell write?,John le Carré
Which novel tells the tragic story of displaced migrants George Milton and Lennie Small?,Of Mice and Men
What river converges with the River Test at Southampton?,ITCHEN
Where did Panama hats originate?,Ecuador
"Forbidden, unmentionable - from Tongan?",Taboo
What trade uses a pattress or pattress box?,Electrician
"Super, Magic, Brønsted and Lewis are prefixes for chemical substance?",Acid
A cooked lobster changes from?,Blue to Orange
The highest male voice type in conventional singing terminology is?,Countertenor
A standard guitar commonly has fretboard markers for the octave (ie half string length) at what fret?,12th
Who married Sir Winston Churchill?,Clementine Hozier
What attaches muscles to bone?,Tendons
Where do aquatic creatures live?,In water
In 1635 Robert Hooke developed what?,The law of elasticity
What leaves relieve pain caused by stinging nettle?,Dock
beautiful airport- no wall plugs,
"Ashkenazi, Sephardi and Mizrahi are sub-groups of what ethnoreligious people?",Jews
"Who played lead guitar on While My Guitar Gently Weeps, on The White Album?",Eric Clapton
"In Which We Serve, This Happy Breed and Brief Encounter are early films by which director?",DAVID LEAN
"In what academic discipline does Queen guitarist Brian May hold a PhD from Imperial College , London ?",ASTROPHYSICS
will a glacier travel at greater speeds than a sea going vessel?,this is likely to be false
studying a soil sample means studying the microorganisms in the,dirt
When droplets freeze as they assail from high above they become,sleet
Scientists study the red shift to investigate which aspect of cosmology?,The expansion of the universe
What colour ensign is flown on all British merchant navy ships?,Red
Which instrument accompanied “Silent Night”’s first performance?,Guitar
Under whose reign did England lose its last possession on mainland France?,Mary I
Who failed three IQ tests on an LBC radio phone-in?,Boris Johnson
What did Terry Scott’s lovely brother put in grandma’s tea?,Shampoo
How many horns does the British minotaur dung beetle have?,Three
For what is www.letour.fr the official website?,Tour de France
Monsanto is a globally dominant corporation in the sector of?,Agriculture
The human Frenulum Linguae is webbed tissue between?,Tongue/Mouth-floor
Diacritical marks are symbols for guiding/indicating?,Pronunciation
Sepals and Tepals are decorative protective elements of many old?,Flowers
Whose experiential learning theory comprises the learning styles named?,David Kolb
"Huqiu, Tianchi, Pouchong, Longjing and Songluo are Chinese?",Teas
"Theo van Doesberg, Piet Mondriaan, Vilmos Huizar and Bart van der Leck are identified with what art movement?",Neoplasticism
What did Lawrence Joshua Chamberlain do?,"Joshua Lawrence Chamberlain (September 8, 1828 – February 24, 1914), born as Lawrence Joshua Chamberlain, was an American college professor from the State of Maine , who volunteered during the American Civil War to join the Union Army ."
what does Mazel tov! mean,"""good luck"") is a phrase used to express congratulations for a happy and significant occasion or event."
what are american people of japanese descent called,are American people of Japanese heritage .
when did playstation 3 first launch,The launch of the PlayStation 3 into the Japanese market on 10 November 2006 marked the second major seventh generation entertainment system to be released.
when is susan smith eligible for parole,"According to the South Carolina Department of Corrections , Smith will be eligible for parole on November 4, 2024, after serving a minimum of thirty years."
where is keith whitley from,"Jackie Keith Whitley (July 1, 1954Stambler, Irwin, and Grelun Landon (2000). - Country Music: The Encyclopedia. - New York: St. Martin's Press. - p.533. - ISBN 978-0-312-26487-1.—Carlin, Richard (2003). - Country Music: A Biographical Dictionary. - New York: Routledge - p.427. - ISBN 978-0-415-93802-0.—Larkin, Colin (1995). - The Guinness Encyclopedia of Popular Music. - New York: Stockton Press - P.4462. - ISBN 978-0-85112-662-3.—Stanton, Scott (2003). - The Tombstone Tourist: Musicians. - New York: Pocket Books. - p.395. - ISBN 978-0-7434-6330-0.—Hicks, Jack. - ""Singer Keith Whitley's Memory Alive Through Songs, Love in Home Town"". - The Kentucky Post . - September 25, 1991.—""Country Music Star Keith Whitley Dead at 33"". - Lexington Herald-Leader . - May 10, 1989.——Hurst, Jack. - ""Whitley's Last Days"". - Chicago Tribune . - May 14, 1989.—""Alcohol Kills Country Singer Keith Whitley"". - United Press International . - (c/o The San Francisco Chronicle ). - May 10, 1989. — May 9, 1989), known professionally as Keith Whitley, was an American country music singer."
when was queen elizabeth ii married,"In 1947, she married Prince Philip, Duke of Edinburgh , with whom she has four children: Charles , Anne , Andrew , and Edward ."
when was andy griffith born,"Andy Samuel Griffith (June 1, 1926 – July 3, 2012) was an American actor, television producer, Grammy Award -winning Southern-gospel singer, and writer."
who is heisman trophy named after,"It was created in 1935 as the Downtown Athletic Club trophy and renamed in 1936 following the death of the Club's athletic director, John Heisman (former Brown University and University of Pennsylvania player; head football coach at Oberlin College , Auburn University , Clemson University , Rice University , and the University of Pennsylvania; and football, basketball, and baseball head coach and athletic director at Georgia Tech )."
what is melissa and joey about,"The series follows local politician Mel Burke (Melissa Joan Hart) and Joe Longo (Joey Lawrence), whom Mel hires to look after her niece and nephew after a Ponzi scheme leaves him broke."
what mountains are on appalachian trail,"The Appalachian National Scenic Trail, generally known as the Appalachian Trail or simply the A.T., is a marked hiking trail in the eastern United States extending between Springer Mountain in Georgia and Mount Katahdin in Maine ."
where is scotty mccreery from,"Scott ""Scotty"" McCreery (born October 9, 1993) is an American country music singer from Garner, North Carolina ."
when was kirstie alley on cheers,"Kirstie Louise Alley (born January 12, 1951) is an American actress and comedian known for her role in the TV series Cheers , in which she played Rebecca Howe from 1987–1993, winning an Emmy Award and a Golden Globe Award as the Outstanding Lead Actress in a Comedy Series in 1991."
Buying permanent things instead of disposable things is,conservation
Desert lizards may sometimes appear as,rock particles
A skin bacterium loses its habitat when,you cut off your finger nails
Some prey animals may elude predators by,being stinky
One component of rock formations in caves is,bat urine
Fossils fuels can be anything like,ancient poo
Living things which require warmth likely also require,kidneys
Where various seasons currently take place depends upon,the globe's turning
Death begins for a leaf the second it,is released
Classes and categories are both part of,designating
What product eventually will become human waste?,corn
As vehicles become more efficient petro consumption,decreases
Advances in food transportation lead to,greater variety of foods in remote areas
oceans contains most of earth 's,wet sustenance
Lungs are to hampsters as ________ are black tipped sharks.,gills
every four seasons a cedar expands it's,outer covering
One of tunas favorite prey is the,sardine
The elements changed America's tallest peaks into,loose rocks
Tropical storms get their fuel from the,ocean
Which would best store new whale offspring?,large aquarium
Who wrote Riders of the Purple Sage?,Zane Gray
What do baleen whales eat?,Krill
"What links Cheryl Cole, Dannii Minogue, and Sharon Osbourne?",X-Factor judges
Which Album cover features 5 Beatles?,Abbey Road
An apple seed contains which poisonous substance?,Cyanide
Who has written several successful novels about DS Roy Grace of the Brighton force?,Peter James
The famous French wine Chablis is made mainly from which grape variety?,Chardonnay
"The title First Level Nurse replaced Registered General Nurse, which replaced what?",State Registered Nurse
Who currently coaches England’s women team?,Mark Sampson
Of what was Urania the Muse?,Astronomy
Which Scandinavian retailer air-brushed women from the Saudi edition of its catalogue?,IKEA
Le Petit Prince (The Little Prince)?,Antoine de Saint-Exupéry
A sarcophagus traditionally contains a?,Corpse
What is converted into alcohol during brewing?,SUGAR
Which mythical figure carries a scythe?,The Grim Reaper
The rumba was originally danced where?,Cuba
They only deliver through WheelDeliver.com,
"Indifferent food, atrocious service.",
Which name of something used by avid readers is the Netscape Navigator name for Favorites?,Bookmarks
Name the alleged I.R.A. bomber who escaped from Brixton prison in December,GERARD TUITE
how many died in hiroshima and nagasaki,"Within the first two to four months of the bombings, the acute effects killed 90,000–166,000 people in Hiroshima and 60,000–80,000 in Nagasaki, with roughly half of the deaths in each city occurring on the first day."
what two empires fought to control afghanistan,"In the late 19th century, Afghanistan became a buffer state in the "" Great Game "" between the British and Russian empires."
where is university of nelson mandela metropolitan located,Nelson Mandela Metropolitan University (NMMU) is a South African tertiary education institution with its main administration in the coastal city of Port Elizabeth .
Fish move best through water when their fins are?,Large [Collect]
adding a direct flame to container of acid causes a,vapor expulsion
Many plant species can only reproduce if the environment includes,bees
A ficus can help respiration because it:,releases oxygen
"when fuel efficiency increases, gasoline use in cars will",decrease
Aerial maps represent what feature using dark green?,trees packed close together
The earth receives uneven amounts of UV rays due to,it's axis
A tugboat maneuvers a ship  to help,increase their speed
Two birds in completely different houses can discuss something by,vocalizing
It's hardest to perceive in a flashlight's beam,a dark spider
Seasonal water fall in Columbia causes whole towns to,slide away
With wind gusts and green skys you should pack,an umbrella
Which artist created the Katzenjammer Kids?,Rudolph Dirks
"Which band has featured Gregg Rolie, David Brown and Autlan de Bavarro?",Santana
What distance is the Breeders' Cup Sprint?,Six furlongs
Which county did WG grace play cricket for ?,Gloucester
Which influential German philosopher wrote 'Being and Time'?,Martin Heidegger
What gets whiter the dirtier it gets?,A chalkboard
How many compartments does a cow’s stomach have?,Four
Which three Quaker families dominated early British manufacturing?,"Cadbury, Rowntree and Fry"
What do ‘scandent’ plants do?,Climb
Under which Prime Minister were life peerages instituted?,Harold Macmillan
A poker player throwing in his cards says what?,Fold
Boris the ………….. (The Who)?,Spider
Which common scientific term has the meaning indivisible?,Atom
Which American newspaper commissioned Stanley to find Livingstone?,NEW YORK HERALD
Which village do Rupert Bear and his companions inhabit?,Nutwood
The term geocentric places what as central?,Earth
For which activity was Dame Elizabeth Frink honoured?,Sculpture
The common choko is what colour when ripe?,Green
Flowers of papilionaceous plants resemble what?,Butterflies
What force causes a compass in Illinois to point towards Wisconsin?,natural magnetism
What primarily drives the hydrologic cycle to produce clouds?,energy from a central star
"1313 Webfoot Walk, Duckburg, Calisota",Donald Duck
With which athletics field event is Jan Zelezny associated?,Javelin
Which gland produces the hormones that control the body’s metabolism?,Thyroid
Tom Rowlands and Ed Simons make up what duo?,The Chemical Brothers
Which ancient religion is followed by Parsees or Parsi?,Zoroastrianism
In Hi De Hi who was Peggy’s never seen supervisor?,Miss Cathcart
Which fictional pair vie for social supremacy in Tilling?,Mapp & Lucia
Generally what metalwork process extracts a metal from its ore?,Smelting
English novelist William Godwin fathered which novelist daughter?,Mary Shelley
Good Food....The Part-Time Hostess Is Awesome....,
Favorite stop! Great Beer and Food!! Tiger Fan Friendly!!!,
"What does Nature require five of, Custom require seven of, Laziness take nine of and Wickedness take eleven of?",Hours of sleep
